J3_2%,J3_10%,J3_30%,J3_50%,J3_70%,J3_90%,J3_100%
363.2,402.5,434.7,457.5,479.8,507.7,554.5
354.6,400.0,432.7,455.3,477.9,506.4,553.1
366.4,401.6,433.7,456.2,478.8,507.1,544.0
361.9,400.7,433.7,451.7,480.5,510.0,551.6
359.6,400.2,433.6,457.2,480.8,510.0,553.0
366.4,403.0,434.5,456.8,479.2,507.1,545.8
367.9,405.0,436.4,459.1,481.3,509.5,555.8
367.1,403.2,435.9,459.3,482.4,511.0,546.2
360.9,399.5,433.2,457.0,480.1,508.2,552.4
360.1,397.0,430.1,453.0,475.2,502.1,535.8
367.5,401.0,431.5,452.8,473.8,500.2,547.1
363.4,399.1,433.1,458.0,482.9,514.6,559.6
362.8,398.0,430.0,452.6,474.8,503.0,550.2
359.7,396.2,430.4,454.8,479.1,509.9,549.4
362.2,398.0,432.1,456.7,481.4,495.3,562.2
360.1,397.2,431.5,456.1,480.7,511.8,560.4
364.7,399.5,432.5,456.0,479.5,508.7,555.7
355.9,390.5,423.3,445.3,467.1,495.0,548.0
359.7,394.4,426.7,448.7,470.6,497.7,533.2
360.6,396.6,428.2,458.7,472.7,500.4,546.8
360.5,396.6,428.4,451.0,473.1,500.4,547.4
357.0,394.4,427.5,450.5,473.3,501.1,538.7
357.4,396.1,428.6,451.3,473.8,501.1,540.3
352.8,390.9,423.2,444.5,466.1,493.0,535.1
357.0,399.0,430.0,451.0,472.0,501.0,540.0
353.7,392.6,424.6,445.7,466.8,492.9,538.9
355.1,391.6,423.2,444.2,465.2,497.1,532.1
352.6,392.1,425.0,446.5,467.8,494.2,542.9
353.8,391.9,423.8,445.0,466.1,492.4,542.0
353.1,393.6,425.6,447.7,469.4,495.8,541.3
352.7,392.6,424.8,446.9,468.7,494.8,541.0
358.4,394.7,425.7,446.7,467.3,492.3,537.2
351.0,387.5,419.7,440.4,460.7,486.4,532.9
357.4,390.4,422.8,443.7,464.1,489.2,533.5
354.7,391.4,423.0,443.6,463.7,488.8,533.2
351.5,387.9,420.1,441.0,461.5,487.3,541.9
355.0,391.6,423.0,443.1,463.7,488.7,532.1
353.6,391.6,425.8,447.4,469.1,486.7,539.0
347.1,383.9,417.7,439.7,461.5,488.3,537.8
347.3,383.1,416.0,437.5,459.5,490.2,540.3
347.4,382.9,415.5,436.4,457.3,483.9,531.5
344.4,381.3,414.5,435.5,455.8,482.0,523.8
348.1,381.2,411.8,433.6,455.1,482.0,530.8
343.9,380.2,413.4,434.4,455.1,481.8,531.4
351.0,385.4,416.3,436.1,456.0,482.1,531.0
355.1,390.3,422.1,443.5,464.8,491.2,538.1
354.4,390.0,422.1,443.7,464.0,491.0,537.3
351.3,388.7,421.2,442.6,463.7,490.0,537.3
351.4,387.2,424.4,441.6,460.2,482.6,527.6
352.0,387.6,422.6,441.9,462.2,483.9,527.8
351.2,386.4,420.2,441.0,464.2,490.2,536.2
345.0,389.8,425.3,448.6,471.4,501.1,540.7
356.8,393.3,426.8,449.2,471.5,500.9,544.0
352.9,391.1,425.8,448.7,471.9,503.0,568.0
361.8,398.9,430.7,452.7,474.2,501.0,542.2
359.8,398.7,431.2,454.6,477.2,505.0,549.4
356.2,401.0,433.8,455.2,478.4,505.8,540.8
365.8,402.2,434.2,456.8,478.0,504.2,554.6
364.6,400.0,433.6,457.6,480.0,508.0,550.2
364.0,405.8,431.4,454.0,484.0,508.6,544.8
379.4,409.2,436.4,457.6,477.6,504.6,564.8
381.4,409.0,438.0,461.4,483.2,513.6,574.4
378.2,405.8,435.2,459.2,481.8,512.6,564.0
363.2,399.0,431.2,454.8,477.6,506.2,554.0
351.6,388.2,420.4,441.4,462.2,487.8,522.2
382.2,408.4,434.6,455.6,476.2,505.2,560.4
355.5,392.2,424.0,445.4,470.2,503.6,542.8
360.8,394.6,425.6,446.8,468.4,494.2,527.8
359.4,391.8,425.8,447.4,469.2,495.6,540.4
363.4,397.2,427.8,449.0,469.0,495.2,528.0
353.6,388.4,421.8,444.8,468.2,496.4,530.8
356.6,390.2,422.4,444.6,467.4,495.4,532.0
343.0,390.4,424.4,446.4,468.2,495.4,540.4
358.2,391.4,422.6,444.6,467.0,493.8,528.2
348.8,388.0,425.2,451.2,476.6,507.6,545.6
353.4,386.2,420.2,444.6,469.4,501.2,553.2
357.0,389.0,424.0,449.0,474.2,504.6,542.2
362.8,397.0,430.0,456.0,481.2,513.0,553.8
362.8,395.2,428.6,454.4,479.6,512.0,553.0
353.6,393.4,430.0,457.6,483.2,515.0,564.8
352.8,389.8,426.4,453.0,478.2,509.2,558.6
363.4,396.8,428.0,450.8,472.8,501.0,547.6
352.8,397.6,427.6,456.0,475.8,513.8,558.4
355.0,394.6,430.4,453.2,476.0,504.0,540.4
350.7,391.2,429.8,455.7,477.8,510.3,554.6
358.2,390.4,422.0,443.2,464.0,488.6,530.2
355.0,390.8,423.4,446.0,468.8,497.0,542.2
361.8,393.2,425.0,448.2,471.0,498.8,540.4
359.6,391.4,423.4,446.4,469.4,497.8,535.8
354.6,389.2,422.6,446.2,469.8,498.4,548.0
360.4,392.8,425.0,448.6,471.6,499.4,544.0
354.4,391.4,425.2,448.4,471.8,500.0,537.8
356.3,391.5,426.8,447.7,473.0,501.9,542.0
361.4,392.4,424.6,448.8,471.6,499.0,545.0
364.4,394.8,426.0,450.2,472.6,499.6,542.6
363.6,393.0,424.4,449.0,471.4,498.4,540.8
358.2,392.0,424.6,447.6,471.0,499.6,541.6
353.2,391.8,425.8,448.2,470.4,496.0,524.4
357.0,391.4,426.0,452.0,477.0,505.8,542.6
353.4,387.0,422.4,448.2,473.4,502.4,539.2
363.6,396.2,429.2,454.8,480.0,510.6,561.6
353.2,387.0,425.0,452.4,476.2,495.2,531.0
361.6,395.1,428.7,453.0,478.8,504.2,540.7
354.8,392.0,428.2,451.4,476.0,496.0,540.8
354.8,395.8,429.0,452.2,475.8,507.2,564.0
357.4,394.6,428.0,451.0,474.4,503.4,546.4
358.4,389.8,421.0,443.0,465.6,493.6,537.0
364.0,393.4,424.4,446.5,468.2,496.2,535.0
351.6,385.8,417.2,438.6,460.0,488.6,541.8
359.0,389.8,420.8,442.6,465.0,492.4,531.2
355.4,389.0,420.2,441.8,464.4,493.2,539.4
357.0,384.4,424.4,445.8,467.4,494.8,530.0
352.4,385.6,419.4,441.2,463.6,491.6,528.2
350.6,388.0,421.2,444.2,468.2,500.2,554.0
351.0,384.2,416.4,441.8,463.2,491.2,535.2
349.0,382.4,416.0,438.2,460.6,488.0,521.4
358.2,390.0,422.8,443.2,464.6,492.6,540.1
352.4,388.4,421.6,443.8,466.0,493.4,532.0
361.6,394.8,426.8,449.2,471.0,498.0,539.6
369.2,397.6,426.8,448.4,469.8,497.2,538.6
370.8,398.2,427.0,448.0,468.6,495.4,530.2
375.6,400.6,426.8,446.4,466.4,493.4,535.0
376.0,400.6,427.0,447.0,467.6,495.6,541.6
376.6,401.2,428.0,448.4,469.2,496.4,539.4
349.6,385.6,421.6,446.4,471.0,501.0,536.2
361.6,395.8,426.8,448.8,471.2,501.4,548.2
370.2,395.6,422.6,444.2,466.0,495.8,543.0
348.2,385.6,420.6,444.6,468.4,498.4,535.2
378.0,405.0,433.2,456.4,480.4,511.2,558.8
359.0,395.6,428.3,452.6,476.4,505.8,545.4
363.4,399.0,432.0,455.6,480.2,510.0,550.8
352.1,395.8,417.6,442.8,463.6,484.4,536.6
351.0,392.4,416.8,441.6,466.6,497.8,538.8
350.0,387.4,413.2,439.9,461.0,483.8,545.6
364.8,400.4,432.0,454.2,476.0,502.4,545.2
366.6,401.0,433.4,457.4,478.8,502.4,533.8
368.0,400.8,433.0,457.2,478.6,502.4,533.4
365.0,397.2,428.2,451.6,473.4,497.4,527.4
363.8,399.0,430.6,453.0,475.0,501.6,542.8
366.2,402.0,433.6,456.6,478.0,504.2,543.8
353.6,393.8,424.6,446.4,467.6,493.8,534.8
363.2,390.4,417.4,438.2,459.8,484.2,517.4
365.0,390.4,418.0,439.0,460.6,484.6,518.2
351.8,392.6,423.8,445.8,467.4,494.0,534.2
363.0,388.2,417.4,439.2,461.2,485.2,519.6
356.2,388.2,418.4,439.4,460.4,486.8,525.2
358.6,393.6,425.8,449.2,472.4,500.0,538.2
361.8,387.2,418.4,442.8,468.0,495.0,532.0
354.0,391.2,425.6,451.0,470.0,496.2,536.2
355.4,394.2,427.4,451.8,475.6,494.2,539.4
355.4,391.4,424.2,448.2,472.6,501.8,548.6
356.8,392.2,425.4,449.6,473.8,502.8,544.8
367.4,391.2,420.4,444.4,469.0,495.4,533.0
356.6,393.0,426.6,451.0,475.4,505.0,550.8
357.8,393.6,426.8,451.0,475.0,504.2,552.2
368.0,391.2,420.4,444.2,468.2,493.8,529.4
352.8,390.4,424.2,449.0,473.2,501.6,547.4
357.6,398.4,425.6,448.0,472.0,502.2,535.8
358.6,394.6,427.6,451.8,475.6,504.6,549.0
360.6,393.2,425.6,449.4,473.0,501.4,542.2
363.8,387.2,420.8,444.6,469.2,495.8,532.1
354.0,391.2,425.2,449.2,473.2,501.6,543.0
365.8,387.8,416.4,439.8,464.0,489.6,523.4
360.6,384.6,410.6,436.4,462.8,490.0,523.6
349.0,386.8,420.8,445.0,469.4,498.2,538.4
362.0,384.8,413.6,437.0,461.6,487.6,522.0
359.8,393.2,425.6,449.4,473.4,503.4,546.8
357.8,382.4,413.8,438.6,464.2,490.4,522.8
358.0,394.6,427.6,452.0,476.4,506.8,553.2
350.4,389.0,421.0,444.0,467.0,495.0,539.6
359.0,393.8,425.4,447.8,470.4,498.0,548.4
359.0,394.8,426.4,449.0,471.8,499.4,544.8
355.8,390.4,421.6,443.8,466.2,492.6,524.8
358.6,392.2,426.7,447.3,469.1,496.4,536.0
360.8,390.6,417.6,438.6,470.8,496.4,530.6
361.2,395.6,426.6,449.6,472.6,500.8,536.4
355.4,395.0,427.8,451.8,474.6,504.6,554.0
356.6,391.4,423.4,446.0,469.0,496.4,529.4
357.4,392.0,423.6,446.4,469.6,497.8,543.8
357.4,389.8,420.4,442.4,465.2,492.4,529.4
366.2,400.8,432.8,456.4,478.6,505.0,543.0
357.6,391.2,422.2,444.6,467.4,495.2,536.2
356.2,391.4,424.6,442.6,467.8,496.6,540.2
360.0,395.6,427.6,450.6,473.2,499.6,537.0
359.0,393.4,425.2,448.0,470.4,497.0,535.0
356.0,391.0,423.2,446.0,468.8,495.2,533.2
353.8,387.4,418.8,441.0,463.8,490.4,527.8
350.8,385.4,417.4,439.4,462.2,488.6,525.8
351.8,387.0,418.8,441.4,464.4,491.0,529.0
350.6,386.0,418.0,440.2,462.8,490.4,530.6
362.0,396.6,427.2,449.6,471.0,497.2,539.0
370.8,403.8,433.8,455.6,476.6,502.4,536.2
356.6,394.2,419.4,449.2,462.8,492.6,528.4
345.8,380.4,411.8,433.6,456.0,483.4,522.0
367.2,401.9,433.4,456.7,477.7,503.8,544.8
369.4,403.7,434.9,457.1,478.4,504.6,544.5
354.6,393.4,425.2,452.1,472.0,498.0,542.0
362.6,401.4,433.0,455.4,476.8,503.4,545.6
367.2,403.2,434.2,456.6,478.0,504.4,539.0
367.2,401.6,432.4,455.2,476.8,503.8,547.0
367.5,402.3,433.6,456.3,478.1,504.9,547.8
373.2,407.4,438.0,461.0,482.4,509.2,552.0
371.0,405.8,436.6,459.8,481.4,508.2,543.6
370.2,405.2,436.2,459.8,482.0,509.0,544.0
367.6,403.0,434.2,457.2,479.4,507.2,553.8
375.4,409.2,440.6,464.4,486.2,513.0,559.6
357.4,391.6,423.4,446.0,468.4,493.8,528.4
367.5,404.0,434.8,456.2,476.2,500.4,539.1
367.0,402.2,432.6,453.9,474.0,498.5,538.2
368.6,403.6,433.4,454.8,475.2,500.4,549.6
361.8,396.8,424.8,445.6,466.2,491.0,523.4
372.4,406.2,435.6,456.6,476.4,500.6,543.2
365.6,404.4,432.6,457.4,478.4,501.8,534.4
368.8,404.8,436.8,459.8,479.8,502.4,533.2
371.8,408.8,437.0,457.2,476.2,499.8,538.2
368.1,405.3,435.7,456.3,475.3,498.3,538.2
368.8,403.6,434.6,457.0,476.4,498.4,530.2
366.2,402.7,432.6,452.8,471.8,494.6,536.2
368.2,402.8,432.4,452.6,471.6,495.6,544.4
359.3,402.1,432.6,452.8,471.6,494.3,535.1
365.8,401.3,430.5,449.6,467.8,490.0,531.8
368.6,401.2,429.6,448.2,466.6,489.6,531.4
367.8,401.4,430.0,449.0,467.4,490.8,545.2
364.7,400.2,429.8,449.3,468.1,491.2,530.0
368.8,402.8,432.4,452.8,472.2,496.2,540.6
366.8,401.4,432.0,453.0,472.8,497.0,544.6
369.0,402.8,433.2,453.4,473.0,497.0,542.5
365.2,400.6,431.6,454.4,474.6,497.2,532.2
367.2,399.8,429.8,451.8,471.8,494.2,524.6
373.2,403.2,431.6,451.6,471.0,495.4,540.0
369.0,403.6,433.6,454.0,474.4,493.3,537.8
372.4,405.2,435.4,457.8,477.8,500.6,530.0
375.4,408.2,437.6,459.2,479.6,504.6,544.8
372.8,405.4,435.4,457.8,477.8,500.8,544.6
377.4,408.6,437.4,458.8,479.0,504.8,553.2
369.2,404.4,434.8,456.7,477.5,502.8,541.1
369.2,403.2,434.0,455.6,476.8,502.6,540.8
368.6,402.6,433.2,454.8,476.2,502.6,556.0
363.4,404.8,436.4,458.8,479.6,505.4,550.4
362.5,399.2,430.2,451.3,471.3,495.0,533.3
369.8,401.2,430.4,452.4,472.8,495.6,526.8
360.2,396.3,426.7,447.3,467.9,493.0,547.9
358.6,395.4,426.8,448.1,469.3,494.4,535.4
363.0,399.7,432.4,456.1,478.7,505.0,540.7
367.1,403.9,435.7,459.2,481.2,507.6,546.6
364.0,400.2,432.2,455.4,477.9,504.3,545.4
361.6,398.0,429.8,453.1,475.6,502.6,549.3
360.4,394.6,426.8,449.2,471.6,499.2,541.0
360.1,395.6,427.5,450.4,472.8,499.1,537.2
359.9,397.0,428.8,452.7,476.0,502.5,544.0
360.8,404.0,438.4,453.0,485.6,505.4,546.8
359.2,395.8,430.0,455.4,480.0,509.4,543.8
363.1,399.7,433.7,459.7,484.4,510.0,547.0
366.8,400.0,430.8,450.8,477.8,504.4,544.8
360.3,398.7,429.0,453.5,477.8,507.3,547.0
363.4,397.8,429.7,453.6,477.6,507.7,551.7
353.8,389.2,422.2,446.2,470.8,500.6,537.0
362.8,399.5,432.0,456.1,480.3,510.8,558.2
356.4,388.6,421.0,444.6,469.4,498.2,537.8
365.9,400.4,429.6,449.2,467.9,491.7,535.6
366.7,400.3,429.3,448.9,467.7,491.6,535.9
370.2,401.6,430.2,450.2,469.8,494.8,548.6
367.8,402.9,432.2,451.7,470.0,492.8,535.7
358.2,392.2,422.2,441.6,468.6,493.8,526.4
368.3,403.3,432.8,452.9,471.7,495.0,535.1
371.6,402.6,434.0,458.4,482.2,512.0,561.6
357.0,394.2,428.6,453.8,477.8,505.2,541.4
364.0,398.4,428.0,449.2,470.0,497.6,547.4
368.2,399.0,429.2,451.0,472.2,499.2,558.6
356.6,391.6,423.4,445.8,467.6,491.6,524.8
364.4,399.9,431.4,453.7,475.0,500.7,548.8
363.2,400.0,432.9,456.4,478.6,506.6,541.3
363.5,400.2,432.9,456.4,478.8,505.5,545.4
363.6,400.3,433.6,457.5,480.5,508.7,551.8
355.2,391.2,424.8,449.2,472.6,498.6,532.6
364.6,401.2,433.8,457.3,480.1,507.4,548.7
364.2,398.2,429.8,452.6,475.0,503.0,551.0
353.4,385.8,417.2,439.2,461.2,486.2,521.4
361.5,397.4,428.9,450.9,472.2,497.9,536.3
365.8,401.0,433.3,456.2,477.4,502.8,541.8
366.1,400.4,431.5,453.7,475.0,500.7,541.0
369.0,398.6,428.8,451.0,472.8,501.4,559.6
356.6,389.2,420.8,443.2,465.4,489.8,526.4
368.0,400.5,430.6,452.2,472.8,498.2,541.4
354.6,388.6,420.6,443.0,465.0,489.8,525.8
364.8,400.4,431.8,453.9,475.2,501.1,550.0
361.8,398.9,431.1,453.9,475.4,501.2,541.8
365.8,400.0,431.0,453.4,474.6,500.4,547.1
363.9,396.8,427.5,449.0,470.1,495.7,537.4
361.8,395.7,426.1,447.5,468.5,494.0,535.4
363.0,395.8,426.5,448.1,469.4,495.5,551.3
357.5,393.9,427.6,450.9,472.8,498.6,537.3
359.1,393.8,427.1,451.4,475.5,504.5,546.3
363.4,394.5,425.3,447.1,468.8,495.7,540.9
366.4,393.4,422.4,445.6,469.4,500.2,548.0
364.0,396.9,428.4,451.1,473.6,501.3,549.0
359.0,396.3,428.1,451.0,473.5,501.2,544.0
357.2,390.2,426.1,451.6,466.8,489.6,540.4
363.2,396.3,427.4,450.0,472.2,499.3,535.1
355.6,395.5,428.0,450.5,473.1,500.3,548.0
362.8,396.5,427.4,449.7,476.9,499.0,543.0
362.0,393.6,430.0,452.2,474.8,504.8,547.0
369.2,395.2,431.2,453.8,476.4,509.4,551.4
367.1,399.8,430.8,453.7,476.1,503.7,547.2
369.3,400.9,431.8,454.7,477.0,504.1,543.8
362.3,397.9,429.3,452.0,474.4,501.7,545.4
368.1,400.2,430.6,453.2,475.2,502.1,546.8
367.2,399.7,430.4,452.9,475.0,502.0,541.5
361.9,396.4,427.8,450.5,473.1,500.7,552.1
365.8,398.2,428.4,450.9,473.2,500.6,548.0
364.6,398.3,429.5,452.4,474.6,501.7,544.1
367.5,398.0,428.0,450.0,472.0,499.3,545.7
357.5,395.5,426.9,449.5,472.0,499.6,545.5
365.0,392.8,423.5,449.8,472.5,500.2,554.6
364.6,396.9,428.1,451.1,474.0,501.9,547.9
360.4,395.9,427.6,450.6,473.6,502.1,554.0
363.1,396.3,427.5,450.5,473.5,502.0,559.4
362.0,391.6,422.6,444.6,467.2,493.6,521.6
360.8,391.0,422.8,445.8,468.6,495.4,524.6
365.6,397.0,427.9,451.1,474.4,502.3,544.5
358.2,396.0,426.0,451.2,474.4,500.4,539.8
365.2,397.2,428.1,451.3,474.2,502.1,544.7
357.8,398.0,424.6,446.2,468.8,501.6,553.0
367.6,403.2,429.0,451.2,474.8,507.6,551.8
364.3,396.4,427.4,450.4,473.6,502.1,548.7
365.0,396.7,427.8,451.1,474.7,503.5,555.9
361.7,394.7,425.4,447.7,470.1,497.3,544.2
352.2,391.5,424.3,447.7,471.3,499.7,543.1
361.7,394.3,426.3,449.6,472.8,501.2,547.6
364.0,396.0,427.0,449.9,472.9,501.1,545.4
357.6,394.8,429.0,454.4,478.8,507.6,548.6
360.6,393.7,425.4,448.7,472.3,501.0,549.0
363.5,396.2,427.6,450.8,474.1,502.4,552.0
360.6,393.3,425.0,448.6,472.7,502.2,554.2
357.4,390.1,422.1,445.5,469.8,499.4,553.7
367.9,395.8,426.0,448.9,471.9,500.1,547.5
361.9,392.7,422.9,444.8,467.4,495.3,549.7
364.3,395.0,425.0,446.8,468.9,496.3,551.7
360.4,391.6,425.4,446.4,472.6,498.6,543.0
364.4,395.5,425.5,447.7,470.0,497.3,548.8
363.7,396.0,426.5,448.5,470.7,498.0,552.3
364.8,397.5,427.1,449.4,471.4,498.6,550.8
364.6,396.7,426.8,448.7,470.8,497.8,548.8
364.3,395.3,425.4,447.3,469.6,497.1,551.8
359.4,398.5,432.0,454.1,475.7,502.0,558.4
356.0,393.4,426.0,448.0,469.6,495.4,533.6
355.2,395.0,428.3,449.9,471.5,498.2,559.7
348.5,390.5,425.5,447.9,469.6,496.3,557.4
355.9,394.1,427.8,449.7,471.2,498.3,557.4
360.6,391.2,425.8,448.2,470.2,497.0,552.8
358.8,393.6,425.2,447.2,468.2,493.0,539.6
363.4,397.8,426.0,447.4,468.6,496.0,554.1
354.6,391.2,422.8,444.1,465.4,490.0,526.2
353.8,392.8,428.6,450.6,472.6,499.8,543.0
360.3,396.1,424.9,446.2,467.9,495.9,569.2
355.2,389.4,421.2,442.6,463.6,490.0,536.0
361.4,395.8,424.0,446.2,466.6,494.0,558.2
362.0,395.9,424.0,444.9,466.4,493.4,557.2
361.2,396.3,425.0,446.4,467.8,494.4,551.6
358.9,395.1,424.6,446.0,467.3,493.5,555.4
357.2,392.7,421.1,440.8,461.3,488.4,558.4
358.7,396.0,426.6,446.9,467.5,494.2,552.5
358.3,393.5,422.2,442.6,463.5,490.2,558.3
359.4,394.4,423.0,443.2,463.8,489.8,553.3
356.4,389.1,419.6,443.9,462.9,490.6,553.4
357.3,393.7,423.4,444.8,466.7,495.1,561.0
353.6,386.6,418.0,439.0,459.4,483.0,547.4
355.0,387.6,418.2,438.8,459.0,483.0,537.8
354.0,386.8,418.0,438.8,458.8,482.6,527.4
353.2,383.2,414.6,435.6,455.6,482.6,523.8
352.0,384.3,415.7,436.9,458.1,483.4,529.9
359.4,391.8,422.8,444.4,466.0,490.6,524.8
355.6,389.2,422.8,446.4,469.6,497.2,533.2
355.8,392.0,426.7,451.1,474.7,503.7,545.6
353.8,387.4,421.8,446.0,469.4,496.6,533.2
361.0,392.2,424.4,447.8,470.8,497.6,533.8
364.2,395.2,426.6,449.6,471.4,496.8,530.6
373.2,403.4,433.6,455.8,476.6,500.8,534.7
366.5,400.6,432.0,454.4,476.4,503.1,538.7
362.9,399.0,430.7,453.2,474.7,501.0,540.1
375.6,406.0,436.6,459.0,479.6,504.0,542.2
363.8,399.5,431.1,453.9,475.5,502.1,542.3
364.2,399.7,431.4,454.4,476.3,503.0,546.0
361.8,397.9,430.2,453.3,475.4,502.2,541.9
361.2,397.1,429.0,451.5,473.2,499.6,540.5
366.0,400.2,431.0,453.4,474.6,500.6,538.4
370.0,401.2,432.0,454.8,476.0,500.6,538.0
366.0,397.5,427.6,449.0,470.0,496.2,538.3
358.6,394.2,426.6,449.0,471.2,497.6,539.4
352.4,392.2,425.2,448.2,470.2,496.8,534.4
365.8,399.8,430.6,453.0,474.6,501.0,541.4
352.8,397.4,429.9,452.4,474.0,500.5,541.4
363.0,396.7,429.0,453.7,477.8,509.1,551.8
368.1,402.4,433.8,456.6,478.5,505.5,547.8
371.2,403.0,434.8,459.2,482.2,510.6,554.8
362.8,399.8,435.0,459.8,482.2,510.6,551.2
360.8,397.6,429.8,453.2,475.6,502.6,542.8
377.2,406.0,436.2,460.4,483.0,511.4,558.4
354.4,392.5,425.9,449.2,472.1,500.1,546.5
377.4,406.0,435.6,459.0,481.4,510.2,557.8
360.4,396.0,428.4,451.4,473.6,500.2,535.4
367.8,410.0,431.4,453.8,475.5,502.1,542.2
360.7,395.9,427.5,449.7,471.4,497.5,536.2
373.0,410.6,439.0,462.4,484.4,512.4,559.4
369.3,401.0,429.7,450.2,470.7,495.7,537.2
362.9,397.5,428.5,449.8,470.5,496.3,540.3
369.3,403.1,433.0,453.8,474.2,499.2,538.0
359.7,395.2,426.6,448.1,469.6,495.9,549.1
354.0,388.0,427.4,447.3,470.2,490.8,535.2
364.9,398.6,428.7,449.9,471.0,497.2,537.7
362.4,397.1,428.9,451.8,474.1,501.8,550.8
365.6,398.4,429.1,451.3,473.0,499.9,539.6
362.3,397.7,429.6,452.5,474.5,501.3,546.0
359.8,395.5,426.6,448.1,469.1,494.3,534.2
372.4,404.1,434.0,454.0,475.2,502.3,550.2
365.5,399.1,429.5,451.2,471.9,497.3,538.6
367.0,400.6,431.4,453.2,473.8,498.4,534.2
363.8,402.7,434.4,455.9,476.5,501.2,538.8
367.6,401.8,433.8,456.8,478.6,505.4,548.6
368.4,400.6,431.8,454.4,476.7,504.7,553.7
365.6,399.7,431.0,453.1,474.6,501.6,545.3
368.5,400.2,430.0,451.8,473.2,499.6,537.8
365.2,398.9,430.0,452.2,473.6,499.8,541.7
364.2,399.2,430.4,453.4,474.8,500.2,533.6
365.2,400.6,432.6,455.0,476.0,501.2,534.4
369.6,404.1,435.3,457.3,477.5,504.1,540.4
366.8,402.4,434.2,456.6,478.0,503.2,536.8
370.9,405.1,436.2,458.3,479.4,505.4,547.3
368.5,403.3,434.8,457.1,478.6,505.1,547.4
370.3,405.3,436.5,458.8,480.2,506.2,546.5
368.4,398.2,427.8,451.0,473.2,499.8,540.4
366.5,401.5,433.0,455.4,476.7,502.9,541.4
363.8,397.8,428.8,451.2,472.8,498.8,536.2
360.0,396.4,428.2,450.8,472.6,498.8,537.4
366.4,401.1,432.9,455.6,477.4,503.7,543.0
366.4,401.0,435.3,457.7,479.3,505.5,546.7
369.4,404.1,435.7,458.3,479.7,505.8,545.7
365.6,400.6,432.2,455.0,476.8,502.8,540.8
369.9,405.7,437.0,459.4,480.6,506.4,545.7
369.1,400.5,430.3,458.4,480.1,504.2,542.5
373.4,406.8,436.0,456.6,475.6,498.0,534.0
370.9,405.7,434.7,454.5,472.9,495.6,536.4
363.4,401.8,433.8,455.2,472.6,499.4,544.1
372.8,407.6,436.3,456.0,474.0,496.4,536.2
367.4,401.2,429.6,448.9,467.7,490.6,536.0
368.0,401.0,429.8,449.8,468.6,491.2,532.0
374.2,408.8,438.0,458.2,476.7,499.4,540.8
366.0,400.0,429.5,449.4,468.4,492.1,532.7
356.6,390.8,420.0,439.0,457.6,481.4,523.8
368.0,398.9,426.2,445.2,464.1,488.7,541.5
368.7,400.0,428.2,448.1,467.4,491.3,531.8
373.4,408.6,435.7,454.5,472.4,495.0,534.9
373.7,403.7,430.7,449.7,468.1,491.1,532.4
360.0,394.6,424.8,445.4,465.2,488.4,528.0
373.4,404.7,433.9,453.5,474.5,498.9,536.8
371.7,402.8,431.5,451.5,471.5,496.1,543.8
356.6,390.8,421.4,442.4,462.8,486.8,531.1
368.8,406.6,434.6,454.9,473.9,496.9,541.6
372.0,406.5,435.6,455.7,475.0,499.7,544.8
376.7,410.9,438.5,458.0,476.6,500.0,537.8
364.2,396.4,424.8,447.0,468.2,492.6,532.2
376.3,406.3,434.7,454.5,473.6,498.1,543.6
374.2,405.5,434.2,454.7,475.4,499.4,542.3
372.9,404.3,432.9,453.2,472.7,497.3,540.1
371.8,401.7,429.4,449.0,468.5,493.0,535.3
370.9,403.5,431.4,451.2,470.4,494.8,537.3
371.5,403.0,431.6,452.2,472.0,496.9,541.2
366.5,398.9,427.6,448.1,468.4,493.7,535.2
373.5,404.2,432.1,452.0,471.3,495.8,542.1
368.1,402.0,431.1,451.8,471.6,496.4,537.0
373.0,403.8,431.6,451.4,470.2,494.1,535.6
358.4,388.6,416.0,436.0,456.0,480.4,521.2
369.3,401.4,428.4,447.4,466.5,490.8,534.5
374.0,405.3,431.4,450.4,469.1,493.1,536.2
373.5,404.5,432.5,453.0,472.5,497.5,536.0
372.6,405.2,429.6,450.0,469.9,494.3,536.0
352.8,393.0,429.8,451.2,471.6,496.2,536.2
357.5,401.0,433.5,456.0,476.0,500.0,539.0
372.9,403.3,431.1,450.9,470.2,495.1,546.8
371.3,402.2,429.9,449.6,469.0,493.6,541.7
367.1,397.4,425.0,444.5,464.1,489.1,537.6
366.8,398.3,426.5,445.9,465.6,490.3,534.8
360.4,396.4,428.2,449.4,469.5,493.2,537.6
369.6,400.2,427.1,446.0,464.4,488.0,535.1
371.2,404.4,433.1,452.9,471.8,495.7,536.7
368.4,403.1,432.7,453.7,473.5,498.2,542.4
373.1,402.4,433.1,452.4,471.5,498.1,538.6
366.9,399.1,428.0,448.5,468.8,493.4,532.3
365.6,392.6,426.2,448.8,470.0,494.6,534.8
368.4,403.7,434.2,455.8,476.3,501.6,549.3
370.2,400.0,427.4,447.1,466.8,491.5,534.3
370.4,404.5,434.6,456.1,476.2,501.4,548.2
366.0,401.3,432.0,453.8,474.5,500.0,549.2
370.0,402.7,431.6,452.2,472.3,497.7,546.5
370.9,403.9,433.4,454.2,473.9,498.4,546.1
365.4,396.2,424.4,444.2,463.7,493.3,532.4
367.5,401.5,430.8,451.4,471.6,497.2,551.6
361.7,394.7,424.6,443.8,462.3,488.0,550.6
362.8,397.9,427.9,448.5,468.9,493.6,535.1
365.0,399.9,430.0,451.1,471.3,496.0,539.4
366.2,401.6,431.6,453.4,473.6,498.6,554.6
369.7,405.8,436.2,458.4,479.1,504.9,554.1
372.3,405.7,435.7,457.7,478.5,504.5,552.0
349.2,381.9,413.8,434.2,453.7,479.1,528.5
347.7,380.5,413.4,434.8,455.0,481.2,531.7
352.1,385.5,416.9,437.3,457.5,484.0,535.6
348.8,384.1,416.2,437.1,457.3,483.3,529.9
355.3,386.1,416.7,437.3,458.1,486.9,523.2
349.8,383.3,416.2,438.1,459.6,486.5,541.4
347.0,382.0,413.0,439.0,460.0,487.0,523.0
365.6,409.0,439.5,461.4,481.4,506.7,551.5
361.4,402.7,436.2,459.8,481.1,507.2,550.9
375.0,408.2,438.3,460.8,481.4,507.3,552.4
366.3,409.4,440.3,462.7,483.1,508.8,555.8
371.9,406.2,437.1,460.2,481.4,508.0,557.1
370.1,404.6,435.2,457.9,479.2,505.7,551.8
362.9,395.1,428.2,452.1,474.9,502.4,550.3
377.9,409.4,438.5,461.1,482.0,508.7,553.1
374.4,405.8,435.0,458.2,479.8,506.4,556.2
371.6,405.7,435.6,457.7,478.5,504.5,554.1
369.8,405.6,434.8,457.6,479.0,506.2,559.2
364.8,403.1,434.8,457.5,478.8,505.1,553.9
365.0,401.5,433.7,458.1,481.2,507.0,556.1
350.4,386.0,418.7,441.2,464.4,492.4,541.9
360.3,393.7,427.1,452.1,476.6,506.7,558.4
366.5,399.3,429.6,452.7,476.2,505.6,557.7
363.1,404.8,434.5,456.8,479.0,507.4,568.2
372.8,404.8,432.3,453.5,475.2,501.9,553.4
362.5,406.6,434.3,454.5,474.0,497.7,540.6
370.2,408.1,434.9,455.5,476.0,502.1,556.8
361.2,402.5,431.5,452.7,473.9,499.8,549.2
374.1,406.2,433.3,454.9,476.3,503.3,551.9
359.9,397.1,426.2,447.3,468.4,494.5,546.0
374.4,405.7,433.1,453.8,474.5,500.0,546.8
362.4,403.5,431.1,451.7,472.6,498.5,551.1
373.5,405.6,432.7,453.4,473.5,498.6,546.1
368.7,400.7,428.2,448.6,469.1,494.8,549.8
357.3,398.0,428.6,450.3,471.8,498.2,553.1
367.4,394.2,419.6,440.0,463.6,496.2,560.0
369.9,402.1,430.7,452.4,474.1,501.0,555.8
365.5,399.1,429.2,451.9,474.0,500.2,548.8
369.0,404.8,434.5,456.7,477.5,503.2,556.8
367.1,401.3,431.5,454.2,475.7,501.0,537.1
371.4,407.5,438.4,461.8,483.6,512.4,561.2
365.0,402.2,434.8,459.2,482.0,510.0,560.6
372.6,404.1,432.0,453.9,475.6,502.5,555.6
356.4,390.4,420.7,442.2,463.8,489.7,541.2
369.9,402.4,432.3,455.2,476.8,503.2,552.9
359.2,400.6,431.6,454.4,476.4,502.4,546.9
374.2,408.6,436.6,458.6,479.4,505.5,560.4
352.0,399.0,431.0,453.8,475.4,503.2,555.6
371.9,404.8,433.9,456.0,476.6,502.3,554.8
371.9,403.6,433.0,455.4,476.7,502.4,553.4
367.6,410.2,439.0,461.4,481.6,505.0,554.8
374.5,405.4,433.7,455.3,475.8,501.4,555.1
372.3,405.3,434.5,456.5,476.9,501.7,556.0
370.1,403.9,435.0,458.8,478.9,503.2,554.5
357.2,392.4,423.0,445.0,466.8,491.4,536.8
376.1,409.1,438.9,460.7,481.1,505.9,550.2
367.4,408.7,439.3,461.1,485.4,511.0,549.1
370.6,408.0,439.3,461.8,482.7,508.5,556.5
381.0,412.9,441.9,463.0,482.8,507.8,560.5
369.3,405.5,437.0,457.8,480.6,506.1,558.9
371.5,406.5,437.4,459.6,480.6,506.6,564.2
369.4,406.3,438.0,460.3,481.3,507.0,558.0
357.8,394.0,425.8,448.0,470.2,495.6,545.6
355.1,391.6,423.4,445.2,467.0,492.2,542.2
372.4,408.0,438.6,460.7,481.3,507.2,559.5
369.8,405.7,436.6,458.7,479.5,505.0,551.8
372.5,407.6,438.4,460.2,480.7,505.7,547.2
371.6,406.8,437.6,459.3,480.0,505.2,554.2
370.3,407.0,438.1,460.2,481.2,506.8,562.6
372.2,408.3,439.9,463.0,484.2,510.4,555.8
374.1,409.8,441.3,464.5,485.3,511.0,557.3
370.6,406.4,439.4,464.4,486.2,512.2,553.0
362.3,402.1,436.2,461.7,484.9,512.7,555.8
357.0,397.8,432.4,457.0,479.9,506.8,550.7
374.0,408.4,440.0,464.4,485.8,510.4,547.2
368.3,405.2,438.4,463.1,486.5,512.7,548.6
367.8,402.2,433.6,457.2,479.0,504.2,545.8
358.9,400.0,432.8,458.9,478.0,503.7,550.8
351.9,394.8,428.2,451.4,473.7,500.0,547.1
357.5,398.4,431.7,455.3,477.4,503.2,542.0
352.8,396.2,429.0,451.0,473.4,498.8,539.8
358.1,399.1,432.0,459.9,477.9,503.8,545.3
361.5,402.1,435.4,458.9,480.2,506.0,548.8
354.7,397.3,431.3,455.2,477.4,503.5,547.7
354.9,395.7,429.3,452.6,474.6,500.2,540.2
352.2,393.5,426.7,449.8,472.0,498.3,541.5
348.8,393.6,428.1,451.8,474.3,500.9,550.9
352.8,393.6,426.8,449.9,471.8,497.6,540.2
358.6,399.3,433.5,458.1,480.8,507.3,547.2
347.0,394.4,427.0,440.0,463.4,490.2,538.8
354.3,396.9,431.6,456.9,480.4,508.0,554.8
354.7,394.2,427.4,451.5,475.2,503.5,543.4
358.2,392.8,424.4,447.4,470.6,497.2,546.8
347.8,390.6,425.2,449.2,473.1,501.0,540.3
347.0,388.7,424.1,448.0,470.9,497.7,544.4
346.7,389.6,423.2,445.5,467.9,494.2,538.0
347.0,388.2,422.1,445.3,468.1,494.5,533.3
347.2,388.9,424.1,448.3,467.5,495.3,536.1
347.1,388.2,424.3,449.3,468.5,494.7,538.0
351.2,392.7,425.9,449.2,471.1,497.0,541.2
350.9,391.8,424.8,448.0,470.7,497.2,542.3
353.7,394.0,426.6,449.7,472.1,498.4,539.2
345.8,389.8,421.0,442.8,464.6,491.0,536.2
351.3,392.7,426.3,450.5,473.7,500.6,542.9
360.1,402.5,436.5,461.1,483.4,509.9,546.8
351.0,392.9,427.4,452.2,475.3,502.3,547.8
349.2,389.7,423.3,446.9,469.8,495.9,543.3
349.8,391.0,424.4,447.8,470.7,497.0,539.6
367.2,398.4,427.8,450.2,471.4,495.2,535.6
353.5,393.8,426.2,449.5,472.0,498.1,539.0
345.7,386.4,419.8,442.2,464.9,491.8,549.5
353.8,390.7,422.5,445.4,468.1,494.5,538.5
363.5,398.8,429.0,450.3,471.0,495.8,534.7
345.5,386.6,420.6,443.6,466.4,492.5,535.7
347.2,386.9,419.8,442.0,464.1,490.2,534.8
367.4,396.2,423.4,443.8,464.4,488.8,540.8
344.9,387.3,420.1,443.9,465.4,491.5,535.6
361.4,395.3,425.0,446.0,465.8,499.1,530.4
367.7,401.9,432.2,453.4,473.5,498.1,549.3
366.6,400.8,431.2,452.4,472.5,497.1,539.7
367.5,402.2,432.4,453.4,472.8,496.6,541.0
363.4,400.0,426.4,446.8,466.8,490.6,541.0
366.9,401.2,430.4,450.5,469.6,493.2,539.5
368.3,402.8,432.4,452.8,471.8,494.5,537.4
365.9,398.4,430.1,451.2,470.9,494.7,533.9
375.2,409.2,438.7,460.5,480.6,504.9,545.6
366.2,402.2,432.7,453.9,474.2,498.4,540.3
369.5,403.5,433.0,453.8,473.7,497.9,540.4
367.5,402.7,435.8,459.6,481.6,508.7,550.8
370.0,403.9,434.5,457.0,478.6,504.3,542.2
369.4,404.8,436.0,459.1,480.8,507.1,554.9
369.2,402.8,433.7,456.5,478.2,504.2,545.6
369.9,404.3,435.5,458.7,480.5,506.3,549.4
366.9,402.7,434.4,457.5,479.4,505.4,548.1
370.3,404.3,435.3,458.2,479.6,505.3,548.0
369.0,403.4,434.2,457.1,479.0,505.3,549.8
364.7,404.7,436.9,460.4,482.3,508.4,549.2
369.7,403.9,434.8,457.8,479.7,506.0,549.1
369.4,404.8,434.5,457.6,480.1,506.3,549.6
367.4,401.4,432.4,455.5,477.3,503.4,547.7
366.8,401.3,432.2,454.8,476.5,502.4,546.7
366.2,400.7,432.1,455.2,477.0,502.8,544.3
365.1,397.3,427.3,448.8,470.0,496.4,542.0
368.6,401.9,430.1,450.0,469.6,494.7,539.7
363.9,398.4,429.4,451.2,471.9,496.9,544.6
364.6,398.3,428.5,450.1,470.8,496.0,540.2
372.4,403.6,433.2,454.2,474.8,500.2,545.2
371.7,406.8,437.2,459.2,479.3,504.0,546.8
377.8,408.0,437.0,457.6,477.4,501.8,538.4
357.8,398.1,431.7,454.5,476.0,502.0,551.1
370.8,405.7,436.0,455.6,479.0,504.2,543.9
380.0,411.0,441.2,463.8,484.8,510.0,538.8
370.0,406.6,438.2,460.8,481.6,506.0,541.0
371.0,403.8,434.4,456.6,477.2,501.4,539.0
361.3,399.3,432.1,454.9,476.3,502.2,561.4
369.7,405.5,437.2,460.5,481.8,507.0,566.1
370.0,400.2,429.4,451.0,471.0,494.8,521.6
371.2,399.4,426.8,447.6,468.0,490.6,515.0
369.5,402.9,432.7,455.0,475.8,500.9,548.8
370.2,399.2,427.4,448.6,469.0,491.8,518.0
367.0,403.0,435.2,459.0,480.2,505.6,539.6
368.6,404.9,436.3,459.7,481.6,505.0,548.2
373.5,406.2,436.3,459.4,481.2,508.9,559.7
363.9,398.9,430.4,455.1,474.9,501.4,552.7
368.2,400.1,430.5,453.2,475.5,503.2,552.0
368.6,401.4,432.1,455.5,478.1,506.2,556.7
356.8,386.6,417.0,439.6,462.6,489.8,519.8
364.8,398.7,431.4,455.5,478.1,505.2,551.8
362.4,388.8,416.4,437.2,459.0,485.4,515.0
352.4,382.0,412.4,433.8,455.8,482.0,512.2
358.6,392.2,423.3,445.6,467.4,494.2,553.0
370.1,400.2,429.5,451.6,473.2,500.6,551.2
372.6,403.4,433.6,456.5,478.6,506.6,561.8
371.8,403.4,434.0,458.2,480.3,508.1,565.3
363.4,393.6,423.4,445.3,467.6,497.1,559.2
370.6,401.9,430.9,453.9,476.7,505.8,562.8
371.2,402.0,432.8,457.2,480.5,509.7,571.9
367.0,400.1,431.8,456.2,479.3,507.6,572.9
360.2,390.2,418.7,439.8,461.2,489.2,547.6
358.7,387.4,416.4,436.7,457.4,484.6,531.0
370.4,400.3,428.9,450.3,471.3,498.5,556.9
366.5,397.6,426.9,448.3,469.1,495.4,561.2
369.2,399.8,428.6,450.2,471.2,497.7,539.5
366.5,395.4,424.2,445.0,466.0,494.1,552.6
370.5,400.7,429.8,446.3,472.2,499.3,557.8
372.5,402.3,431.5,453.7,474.4,501.7,563.1
367.8,395.9,424.3,445.1,466.3,495.4,555.7
345.3,387.4,420.5,444.6,464.9,494.4,553.2
371.2,401.2,430.0,451.7,472.6,500.5,560.8
353.4,388.2,418.8,440.2,452.0,482.4,566.8
371.0,400.2,427.9,448.9,469.9,498.5,557.5
348.8,382.6,415.0,437.7,460.3,489.8,559.9
375.8,402.7,430.5,452.0,473.5,504.4,563.5
373.9,401.5,430.1,452.0,473.5,503.2,556.8
374.9,401.9,430.3,452.3,474.2,506.6,574.1
372.5,400.2,429.0,451.1,473.1,504.0,568.7
377.1,403.5,430.8,452.0,473.2,504.0,550.5
376.2,402.9,430.6,452.2,473.6,504.6,565.3
364.9,396.0,426.0,451.1,471.9,503.9,569.5
379.2,406.3,434.4,456.4,477.6,508.1,567.9
378.4,404.3,432.2,453.9,475.1,505.6,567.5
382.4,408.2,436.1,457.7,479.0,509.6,569.5
372.3,399.4,427.0,447.1,468.6,498.1,557.5
374.0,398.9,425.2,444.9,465.9,498.2,555.0
371.7,396.8,424.9,446.4,468.1,500.5,557.3
370.8,398.2,427.0,449.2,471.3,502.2,563.9
376.1,400.4,427.9,449.6,472.2,506.2,568.2
372.2,397.3,425.4,447.4,470.5,505.6,567.0
373.9,398.6,426.2,448.3,471.5,505.7,551.1
374.9,401.8,430.6,453.7,476.0,508.4,571.5
381.5,404.4,431.5,454.1,477.3,512.8,573.0
371.0,396.9,425.7,447.6,470.0,502.5,566.7
380.2,403.0,430.5,452.5,475.4,510.5,571.0
383.4,409.2,437.1,458.7,480.1,510.6,569.5
382.1,404.7,430.6,451.9,474.9,510.3,571.5
378.4,401.8,428.5,450.1,473.4,509.5,573.3
371.8,393.6,418.7,438.1,460.9,497.5,567.4
385.4,405.9,430.0,450.3,473.5,508.5,569.3
380.9,401.8,426.4,446.6,470.4,505.8,570.6
378.7,399.8,424.7,444.7,467.6,502.1,553.1
384.6,405.0,429.0,449.4,472.8,507.2,568.2
372.8,394.6,421.4,442.3,466.7,502.3,562.3
374.1,412.2,439.1,457.8,476.2,500.8,556.1
366.0,399.0,428.2,448.0,467.4,491.4,564.6
369.5,400.2,428.8,448.3,467.3,492.7,540.0
367.4,401.0,428.7,446.5,464.4,487.3,529.4
374.1,407.1,436.1,456.2,475.9,500.1,539.4
376.8,407.3,435.7,455.7,475.2,499.2,538.6
369.7,404.6,433.5,453.4,472.7,496.5,534.0
374.8,407.1,436.5,457.0,476.2,500.6,557.6
366.1,402.8,433.6,454.3,474.1,498.3,536.6
374.0,408.1,436.5,456.1,474.7,497.6,534.2
375.1,406.7,435.4,454.5,474.9,503.8,541.0
380.2,414.9,442.3,460.2,477.3,499.5,536.7
382.4,414.9,442.6,460.6,477.5,499.6,538.5
370.9,403.8,431.8,450.8,469.2,492.1,529.7
370.2,401.0,428.8,448.4,467.8,490.4,529.0
380.5,410.6,444.8,460.6,480.0,505.3,551.0
364.0,397.6,426.8,446.8,466.8,490.4,557.2
376.0,401.8,429.2,450.0,470.8,498.0,558.0
367.6,402.8,431.5,451.4,470.5,494.0,533.4
370.4,404.6,433.5,453.6,473.1,496.9,534.2
369.4,404.2,432.9,453.0,472.8,497.1,534.8
374.1,406.3,436.1,456.8,476.5,500.2,537.4
373.5,403.0,430.8,450.5,470.4,494.7,535.3
362.4,396.4,428.4,450.0,471.2,496.0,544.0
365.4,404.1,435.7,457.5,478.0,502.4,538.8
363.6,400.1,429.1,449.9,470.6,496.0,532.8
371.5,400.2,428.4,448.9,468.9,493.1,529.8
370.4,402.6,431.6,452.6,473.1,498.3,538.7
376.3,405.5,434.5,456.3,477.2,502.3,540.1
363.4,397.8,429.2,451.4,473.0,498.9,537.8
361.9,395.8,425.8,446.8,467.5,492.3,532.8
370.8,405.4,438.8,463.2,484.6,509.2,541.6
370.3,398.7,428.3,450.4,472.4,498.9,538.6
361.3,394.7,425.6,448.0,470.4,497.3,538.9
362.3,398.8,430.9,453.8,475.4,500.8,539.4
372.8,402.2,431.2,452.8,473.7,499.0,539.1
366.4,399.7,429.9,451.9,473.3,498.5,536.3
364.9,395.5,426.9,449.4,470.9,495.8,533.4
380.0,412.2,442.4,465.4,485.4,509.0,542.2
373.3,401.3,429.3,450.3,471.2,496.7,538.5
382.0,410.4,440.4,463.0,483.6,507.8,548.0
359.7,391.2,419.6,439.2,459.2,485.0,542.3
360.2,392.0,421.1,441.1,461.4,486.2,527.3
359.5,391.5,419.6,438.9,458.3,482.5,524.1
369.7,403.0,432.7,451.2,470.0,493.8,534.8
360.2,391.5,419.7,439.2,458.6,483.3,524.2
368.7,401.2,430.1,450.9,470.6,494.1,532.1
364.0,399.1,429.8,451.1,471.1,494.1,531.0
362.9,397.6,426.8,447.6,467.7,491.7,532.1
364.9,399.6,427.6,447.8,467.5,490.6,529.1
370.8,401.2,428.7,448.7,468.0,490.9,533.6
367.8,399.6,428.2,447.3,467.8,491.1,528.4
359.6,393.3,423.8,443.7,463.2,485.6,522.9
367.6,394.6,420.9,438.7,456.7,479.6,520.1
359.3,392.8,419.9,437.8,455.4,478.5,524.6
383.0,414.6,439.6,458.0,475.2,497.2,542.8
362.2,393.0,419.7,437.8,455.8,478.9,521.5
359.5,391.0,418.2,436.6,454.9,478.5,524.0
361.1,393.1,420.8,439.8,459.0,482.8,528.0
365.9,396.3,426.1,446.5,466.2,488.3,523.4
360.7,392.1,419.6,438.5,457.2,480.9,526.9
374.0,410.2,436.2,456.2,474.2,498.2,545.2
368.2,396.7,424.4,443.4,462.3,485.4,524.7
353.5,386.8,416.6,436.2,455.4,478.7,517.1
366.9,397.6,425.8,445.4,465.1,488.9,530.1
366.1,398.8,427.6,448.0,468.0,491.9,535.6
368.2,399.2,426.8,445.9,464.7,487.6,535.1
359.5,391.0,418.2,436.6,454.9,478.5,524.0
373.2,405.2,431.0,450.6,468.4,492.4,533.0
364.4,393.7,420.6,439.7,459.3,483.3,529.7
359.6,391.1,418.6,438.0,457.4,480.5,525.0
366.2,402.8,432.0,452.0,470.8,493.2,533.8
371.8,401.7,427.0,444.3,461.4,482.8,532.9
370.0,403.2,431.2,449.4,467.0,488.8,527.6
367.8,405.8,437.6,457.9,475.6,496.0,529.3
362.5,393.4,419.7,437.2,454.3,478.4,530.5
369.8,406.2,439.4,463.2,485.2,511.4,552.6
365.5,397.9,427.5,450.1,472.4,499.1,547.9
375.4,407.8,437.6,460.4,482.0,508.4,550.0
370.7,406.1,437.2,460.4,482.2,508.8,563.1
377.5,403.2,431.0,452.3,473.1,499.1,548.7
366.7,404.2,437.2,462.0,484.6,512.5,565.8
367.5,403.8,436.8,460.8,483.1,510.3,559.9
375.0,400.4,429.3,452.1,474.7,502.2,554.0
373.8,403.2,434.2,457.4,479.8,506.6,542.0
375.0,405.4,436.1,458.8,479.6,504.3,553.7
367.3,401.8,433.5,456.3,477.9,503.8,566.7
371.3,404.6,435.3,457.5,477.7,501.4,552.5
374.7,406.8,437.3,459.2,478.8,502.7,562.6
367.3,402.3,433.3,455.1,475.1,498.9,554.1
372.6,404.4,434.5,456.3,476.8,501.0,554.1
371.6,403.2,432.6,453.6,473.6,496.8,549.8
366.1,403.5,435.9,458.8,479.7,503.8,551.6
374.6,406.4,435.6,456.3,475.8,499.2,548.6
380.5,408.5,437.2,458.0,477.0,502.0,569.1
362.6,389.3,416.1,435.7,454.9,480.8,535.6
383.4,409.6,437.2,457.8,477.1,502.6,563.0
353.0,386.3,414.3,434.5,454.1,480.0,528.7
375.8,404.8,432.8,453.0,471.8,494.6,531.0
379.9,406.4,434.8,455.2,474.5,500.2,566.5
366.4,392.8,420.3,440.5,459.7,484.3,530.3
375.5,406.8,437.5,460.3,480.8,505.7,560.2
371.0,404.6,436.7,459.6,480.4,504.9,559.2
375.5,404.1,432.3,453.2,473.4,503.1,561.6
360.2,395.8,425.2,445.4,465.4,489.2,530.6
385.4,410.2,437.2,457.8,477.3,504.9,562.7
380.4,406.9,434.9,455.5,475.5,504.4,562.6
359.6,397.4,427.0,447.4,467.4,491.8,546.8
375.5,404.0,432.0,452.6,472.6,502.7,574.0
382.9,408.3,434.5,455.1,475.6,508.7,564.0
363.6,397.0,425.8,446.2,466.4,491.0,532.6
370.3,400.0,428.1,449.3,470.7,502.4,563.1
385.7,410.4,440.1,464.7,488.1,513.8,561.1
355.8,394.4,426.6,450.4,474.0,502.8,559.0
352.2,393.2,425.0,448.2,471.0,496.6,529.0
358.2,397.8,428.4,450.4,470.6,493.0,523.8
369.0,406.0,436.4,458.6,478.4,502.0,548.2
380.7,412.4,441.8,463.3,482.6,505.8,539.7
374.7,404.1,433.1,453.8,473.7,497.8,534.1
377.2,407.5,437.0,459.1,480.0,505.5,542.8
373.6,405.8,435.4,457.3,478.7,505.2,542.4
373.4,405.6,435.2,456.9,477.6,502.8,537.7
364.8,398.8,433.2,458.2,480.8,506.2,540.2
376.6,407.3,438.3,462.7,485.5,514.3,557.7
381.6,409.9,439.0,461.8,483.4,509.9,543.2
379.4,408.7,437.6,460.1,481.6,508.1,543.9
381.9,409.0,436.8,458.8,480.0,506.0,539.3
361.2,409.2,423.2,442.9,463.4,489.2,525.8
381.1,409.4,438.1,460.2,481.1,506.6,542.6
355.6,391.0,421.0,444.2,467.2,493.4,528.6
380.1,409.0,437.8,460.2,481.3,507.2,543.0
376.0,410.9,443.6,467.6,488.9,514.0,549.3
368.3,398.7,428.3,449.9,471.5,497.8,534.4
377.4,406.3,434.9,456.9,478.1,504.1,540.7
381.1,408.4,437.2,460.4,482.2,508.4,540.4
380.9,409.6,436.2,460.2,481.5,511.2,546.0
363.8,394.8,423.4,446.6,469.8,497.6,532.4
376.9,406.8,438.7,462.8,483.2,509.4,544.9
385.2,410.9,437.3,459.7,480.7,506.5,540.4
379.7,406.7,434.3,456.1,476.8,502.1,539.8
361.2,392.8,419.0,438.8,460.2,488.0,532.2
364.0,399.4,429.7,452.4,474.7,503.1,537.1
375.1,404.7,433.8,455.3,475.6,500.9,544.0
372.0,412.0,444.1,466.2,486.1,510.6,547.1
375.5,411.4,443.2,465.4,485.8,510.6,547.0
363.1,397.3,426.9,448.9,470.8,496.9,534.1
365.8,399.0,428.7,451.0,473.0,499.8,536.5
376.6,412.9,444.7,467.5,488.6,514.3,549.9
358.0,393.7,424.6,446.2,469.7,496.6,534.0
371.0,400.1,429.3,452.1,474.2,501.1,545.2
373.7,411.0,443.3,466.2,487.3,513.1,549.0
369.6,402.8,433.0,454.0,474.4,499.0,533.2
371.7,400.0,427.8,448.9,470.3,496.2,542.7
375.7,411.2,442.4,464.1,484.0,508.6,543.8
362.5,400.7,434.4,456.8,478.6,504.8,542.1
368.1,406.2,439.1,462.0,483.9,510.8,549.1
353.9,405.6,426.9,453.2,477.7,506.6,551.3
369.4,404.2,436.0,458.3,479.8,505.6,544.7
360.8,402.1,437.6,461.5,483.7,510.8,559.6
351.4,396.8,430.0,453.0,475.2,502.8,544.2
358.6,398.4,431.2,453.6,475.6,503.4,544.8
374.0,408.7,438.3,458.7,479.7,505.2,548.6
365.2,398.2,428.4,450.4,472.2,498.0,535.0
380.9,412.9,442.9,464.4,484.9,511.1,550.1
373.3,410.7,442.3,464.9,486.2,513.2,569.3
375.2,408.5,438.5,459.8,479.7,504.1,539.0
369.3,402.8,432.9,454.2,474.8,500.8,557.2
377.5,410.4,439.5,460.0,479.2,503.0,538.3
361.6,398.4,428.8,451.4,472.6,493.6,532.8
373.2,408.4,438.3,459.7,479.8,505.6,554.1
377.9,409.8,438.7,459.5,479.3,504.3,541.5
376.0,403.2,430.2,448.9,467.3,491.2,558.8
357.4,392.2,421.6,440.6,458.6,482.2,524.4
368.4,399.5,427.5,446.2,464.8,488.7,538.7
371.6,401.7,429.4,448.2,466.9,490.5,532.1
374.2,407.2,436.0,456.2,475.3,499.5,544.1
373.7,399.4,426.3,445.3,464.5,489.4,534.1
369.8,402.5,430.4,449.8,468.6,492.1,532.9
354.2,389.4,419.0,439.0,458.0,482.2,518.8
373.1,399.5,426.4,445.3,464.4,488.2,530.6
372.7,405.6,433.5,452.3,470.6,493.7,535.9
366.4,400.4,429.0,448.5,467.5,490.8,528.1
365.4,401.5,431.9,452.6,472.3,496.8,537.3
370.1,404.1,432.5,452.2,471.5,495.9,544.5
347.6,383.4,413.8,433.8,454.2,479.4,514.0
372.1,398.0,425.7,445.3,465.5,490.9,547.5
384.7,412.3,439.5,459.2,478.1,501.8,541.1
379.2,406.0,433.5,453.2,472.6,497.8,558.7
379.2,406.0,433.5,453.2,472.6,497.8,558.7
375.0,404.9,433.5,453.9,473.6,497.5,537.8
375.0,404.9,433.5,453.9,473.6,497.5,537.8
370.4,406.7,436.5,457.7,477.6,502.8,566.5
370.4,406.7,436.5,457.7,477.6,502.8,566.5
373.0,407.2,436.0,456.3,475.8,500.4,555.8
373.0,407.2,436.0,456.3,475.8,500.4,555.8
376.9,406.2,434.5,454.6,473.8,497.7,545.1
376.9,406.2,434.5,454.6,473.8,497.7,545.1
370.1,404.4,433.2,453.4,472.8,497.0,552.8
372.6,406.5,435.6,455.6,474.5,497.7,544.1
369.3,402.9,432.0,452.2,471.8,495.5,543.1
369.3,402.9,432.0,452.2,471.8,495.5,543.1
372.3,405.6,434.9,455.6,475.5,500.4,559.5
372.3,405.6,434.9,455.6,475.5,500.4,559.5
374.2,408.8,438.5,458.8,479.3,505.5,548.1
374.2,408.8,438.5,458.8,479.3,505.5,548.1
379.8,409.3,438.0,458.5,478.3,503.2,556.0
369.6,403.5,434.5,455.2,475.2,500.0,546.2
369.6,403.5,434.5,455.2,475.2,500.0,546.2
374.2,407.9,438.6,460.0,480.7,506.0,555.0
374.2,407.9,438.6,460.0,480.7,506.0,555.0
379.5,408.3,437.3,457.7,477.3,502.5,558.7
379.8,411.5,440.8,462.6,483.7,510.9,551.0
377.7,408.1,438.1,459.4,480.9,508.4,549.9
377.7,408.1,438.1,459.4,480.9,508.4,549.9
380.5,412.1,441.7,463.5,484.1,510.5,549.5
380.5,412.1,441.7,463.5,484.1,510.5,549.5
378.5,410.7,440.5,462.6,483.9,510.9,550.1
378.5,410.7,440.5,462.6,483.9,510.9,550.1
378.1,409.5,439.1,460.4,481.4,507.7,547.6
375.7,406.3,440.6,462.5,483.8,511.0,551.6
375.7,406.3,440.6,462.5,483.8,511.0,551.6
378.0,412.8,443.6,465.7,486.6,513.0,552.1
378.0,412.8,443.6,465.7,486.6,513.0,552.1
363.8,406.9,439.7,462.1,483.7,511.1,552.5
363.8,406.9,439.7,462.1,483.7,511.1,552.5
377.6,412.2,442.6,464.6,485.2,511.5,552.5
377.6,412.2,442.6,464.6,485.2,511.5,552.5
377.9,410.7,440.0,461.2,481.9,508.2,549.5
377.9,410.7,440.0,461.2,481.9,508.2,549.5
368.1,406.7,437.6,459.1,480.5,508.1,556.7
368.1,406.7,437.6,459.1,480.5,508.1,556.7
372.9,408.6,439.5,461.8,483.4,510.1,550.2
372.9,408.6,439.5,461.8,483.4,510.1,550.2
366.3,407.6,439.9,462.7,484.4,511.9,553.8
376.1,411.4,442.1,464.4,485.3,511.8,553.4
372.9,409.9,441.3,464.0,485.0,511.4,549.7
